utterance_length,substitution_rate
1,0.35453
2,0.298239
3,0.244344
4,0.215365
5,0.199076
6,0.201065
7,0.206984
8,0.190722
9,0.22739
10,0.072222
11,0.090909
12,0.083333
