utterance_length,deletion_rate
1,0.013066
2,0.063936
3,0.053293
4,0.082812
5,0.088752
6,0.111794
7,0.129524
8,0.167526
9,0.129199
10,0.161111
11,0.030303
12,0.466667
