utterance_length,insertion_rate
1,0.243902
2,0.111792
3,0.076923
4,0.048958
5,0.048382
6,0.03276
7,0.030476
8,0.036082
9,0.041344
10,0.022222
11,0.030303
12,0.0
