utterance_length,deletion_rate
1,0.000884
2,0.084585
3,0.067533
4,0.051214
5,0.049967
6,0.039418
7,0.027011
8,0.024671
9,0.070881
10,0.015385
11,0.018182
13,0.0
