utterance_length,insertion_rate
1,0.175066
2,0.056557
3,0.032887
4,0.019165
5,0.014334
6,0.008505
7,0.009604
8,0.002193
9,0.001916
10,0.002564
11,0.0
13,0.0
