utterance_length,substitution_rate
1,0.54023
2,0.333333
3,0.237786
4,0.18356
5,0.159545
6,0.134118
7,0.107443
8,0.111294
9,0.101533
10,0.076923
11,0.090909
13,0.076923
