utterance_length,insertion_rate
1,0.19338
2,0.086524
3,0.050025
4,0.027865
5,0.02527
6,0.027437
7,0.018413
8,0.012887
9,0.018088
10,0.005556
11,0.0
12,0.0
