utterance_length,substitution_rate
1,0.329268
2,0.26072
3,0.221971
4,0.18099
5,0.1698
6,0.162572
7,0.174603
8,0.134021
9,0.170543
10,0.044444
11,0.060606
12,0.116667
