utterance_length,deletion_rate
1,0.005226
2,0.062021
3,0.063348
4,0.073177
5,0.068105
6,0.085995
7,0.115556
8,0.128866
9,0.100775
10,0.111111
11,0.030303
12,0.2
