source_pos,count,category_error_rate
ADJ,441,0.258955
ADP,274,0.157020
ADV,355,0.180203
AUX,138,0.137450
CCONJ,85,0.118384
DET,339,0.235580
INTJ,39,0.052279
NOUN,1069,0.343840
NUM,149,0.490132
PRON,551,0.172295
PROPN,328,0.415716
SCONJ,51,0.142857
SYM,118,0.416961
VERB,764,0.263448
X,4,0.400000
