source_pos,count,category_error_rate
ADJ,80,0.046976
ADP,138,0.079083
ADV,138,0.070051
AUX,71,0.070717
CCONJ,62,0.086351
DET,157,0.109104
INTJ,90,0.120643
NOUN,172,0.055323
NUM,27,0.088816
PRON,268,0.083802
PROPN,176,0.223067
PUNCT,1,1.000000
SCONJ,28,0.078431
SYM,132,0.466431
VERB,169,0.058276
X,6,0.600000
