utterance_length,deletion_rate
1,0.004421
2,0.072573
3,0.061443
4,0.055792
5,0.050904
6,0.047923
7,0.035414
8,0.037829
9,0.084291
10,0.017949
11,0.0
13,0.0
