utterance_length,substitution_rate
1,0.563218
2,0.374124
3,0.261199
4,0.214225
5,0.18205
6,0.147367
7,0.133553
8,0.120614
9,0.1341
10,0.117949
11,0.036364
13,0.230769
