utterance_length,insertion_rate
1,0.302387
2,0.094344
3,0.044526
4,0.030664
5,0.022505
6,0.016356
7,0.011405
8,0.004934
9,0.003831
10,0.002564
11,0.0
13,0.0
