source_pos,count,category_error_rate
ADJ,191,0.052953
ADP,186,0.037998
ADV,146,0.040544
AUX,57,0.024245
CCONJ,67,0.040386
DET,241,0.050062
INTJ,20,0.338983
NOUN,473,0.050610
NUM,87,0.103081
PRON,171,0.041830
PROPN,203,0.195380
SCONJ,15,0.022590
SYM,175,0.536810
VERB,140,0.032513
X,12,0.500000
