source_pos,count,category_error_rate
ADJ,972,0.269476
ADP,503,0.102758
ADV,436,0.121077
AUX,182,0.077414
CCONJ,234,0.141049
DET,613,0.127337
INTJ,14,0.237288
NOUN,3142,0.336187
NUM,574,0.680095
PRON,618,0.151174
PROPN,465,0.447546
SCONJ,33,0.049699
SYM,123,0.377301
VERB,1200,0.278681
X,11,0.458333
