source_pos,count,category_error_rate
ADJ,198,0.054893
ADP,205,0.041879
ADV,154,0.042766
AUX,60,0.025521
CCONJ,63,0.037975
DET,171,0.035521
INTJ,18,0.305085
NOUN,465,0.049754
NUM,85,0.100711
PRON,140,0.034247
PROPN,206,0.198268
SCONJ,11,0.016566
SYM,179,0.549080
VERB,142,0.032977
X,15,0.625000
