source_pos,count,category_error_rate
ADJ,387,0.227246
ADP,250,0.143266
ADV,313,0.158883
AUX,90,0.089641
CCONJ,89,0.123955
DET,284,0.197359
INTJ,49,0.065684
NOUN,927,0.298167
NUM,125,0.411184
PRON,473,0.147905
PROPN,342,0.433460
PUNCT,1,1.000000
SCONJ,41,0.114846
SYM,112,0.395760
VERB,559,0.192759
X,5,0.500000
