source_pos,count,category_error_rate
ADJ,77,0.045214
ADP,126,0.072206
ADV,104,0.052792
AUX,57,0.056773
CCONJ,60,0.083565
DET,128,0.088951
INTJ,55,0.073727
NOUN,183,0.058861
NUM,37,0.121711
PRON,199,0.062226
PROPN,156,0.197719
SCONJ,18,0.050420
SYM,135,0.477032
VERB,146,0.050345
X,5,0.500000
